Name,Position,Duration,source_file,Position_abs_gopro,Event,ODK,Play Type,Possession,Group Box,Pass Outcome,Kick Type,Play Outcome,Kick Outcome,Run Direction
Play (1),281220,15180,GX011660.MP4,283951,Play,K,Kick,Home,,,,,,
Play (2),335107,7639,GX021660.MP4,337838,,D,Run,Away,Away,,,,,
Play (3),367640,10342,GX021660.MP4,370371,,D,Run,Away,Away,,,,,
Play (4),404677,8774,GX021660.MP4,407408,,D,Run,Away,Away,,,,,
Play (5),437342,5904,GX021660.MP4,440073,,D,Run,Away,Away,,,,,
Play (6),473512,9141,GX021660.MP4,476243,,D,Run,Away,Away,,,,,
Play (7),513685,7873,GX021660.MP4,516416,,D,Run,Away,Away,,,,,
Play (8),566505,10876,GX021660.MP4,569236,Play,O,Pass,Home,,Incomplete,,,,
Play (9),615988,8707,GX021660.MP4,618719,Play,O,Run,Home,,,,,,
Play (10),658897,8407,GX031660.MP4,661628,Play,O,Pass,Home,,Incomplete,,,,
Play (11),694066,12644,GX031660.MP4,696797,Play,K,Kick,Home,,,Punt,,,
Play (12),755827,11010,GX031660.MP4,758558,Play,D,Pass,Away,Away,Complete,,,,
Play (13),794099,8107,GX031660.MP4,796830,Play,D,Run,Away,Away,,,,,
Play (14),828467,9008,GX031660.MP4,831198,Play,D,Pass,Away,Away,Complete,,,,
Play (15),868540,7506,GX031660.MP4,871271,Play,D,Pass,Away,Away,Incomplete,,,,
Play (16),901072,9008,GX031660.MP4,903803,Play,D,Run,Away,Away,,,,,
Play (17),937842,7973,GX031660.MP4,940573,Play,D,Pass,Away,Away,Complete,,,,
Play (18),976948,9241,GX041660.MP4,979679,Play,D,Run,Away,Away,,,,,
Play (19),1016388,11110,GX041660.MP4,1019119,Play,D,Pass,Away,Away,Complete,,,,
Play (20),1063034,1000,GX041660.MP4,1065765,Play,D,,Away,Away,,,,,
Play (21),1113918,8907,GX041660.MP4,1116649,Play,D,Pass,Away,Away,Complete,,Touchdown,,
Play (22),1155994,8307,GX041660.MP4,1158725,Play,K,Kick,Away,Away,,Extra Point,,It's Good,
Play (23),1235240,13145,GX041660.MP4,1237971,Play,K,Kick,Away,Away,,Kickoff,,,
Play (24),1286457,8073,GX051660.MP4,1289188,Play,O,Pass,Home,,Incomplete,,,,
Play (25),1386591,8674,GX051660.MP4,1389322,Play,O,Pass,Home,,Sack,,,,
Play (26),1429934,6805,GX051660.MP4,1432665,Play,O,Pass,Home,,Incomplete,,,,
Play (27),1468673,14113,GX051660.MP4,1471404,Play,K,Kick,Home,,,Punt,,,
Play (28),1523494,7172,GX051660.MP4,1526225,Play,D,Run,Away,Away,,,,,
Play (29),1560464,10943,GX051660.MP4,1563195,Play,D,Run,Away,Away,,,,,
Play (30),1599837,8707,GX061660.MP4,1602568,Play,D,Pass,Away,Away,Complete,,,,
Play (31),1704909,9008,GX061660.MP4,1707640,Play,D,Pass,Away,Away,Incomplete,,,,
Play (32),1740745,10943,GX061660.MP4,1743476,Play,D,Run,Away,Away,,,,,Wide Right
Play (33),1868506,10676,GX061660.MP4,1871237,Play,D,Run,,Away,,,2pt Good,,
Play (34),1973244,12678,GX071660.MP4,1975975,Play,K,Kick,,Away,,Kickoff,,,
Play (35),2027197,8140,GX071660.MP4,2029928,Play,O,Pass,Home,,Complete,,,,
Play (36),2068372,0,GX071660.MP4,2071103,Play,O,Pass,Home,,Incomplete,,,,
Play (38),2114318,9308,GX071660.MP4,2117049,Play,O,Pass,Home,,Sack,,,,
Play (39),2151488,19084,GX071660.MP4,2154219,Play,K,Kick,Home,,,Punt,,,
Play (40),2212716,11243,GX071660.MP4,2215447,Play,D,Run,,Away,,,,,
Play (37),2260330,10809,GX081660.MP4,2263061,Play,D,Run,,Away,,,,,
Play (41),2303974,8207,GX081660.MP4,2306705,Play,D,Run,,Away,,,,,
Play (42),2412549,6805,GX081660.MP4,2415280,Play,K,Kick,,Away,,Field Goal,,It's Good,
Play (43),2474444,14079,GX081660.MP4,2477175,Play,K,Kick,,Away,,Kickoff,,,
Play (44),2594731,10376,GX091660.MP4,2597462,Play,O,Pass,Home,,Incomplete,,,,
Play (45),2644347,11110,GX091660.MP4,2647078,Play,O,Pass,Home,,Scramble,,,,
Play (46),2697701,8574,GX091660.MP4,2700432,Play,O,Run,Home,,,,,,
Play (47),2749452,9608,GX091660.MP4,2752183,Play,O,Pass,Home,,Incomplete,,,,
Play (48),2891161,8941,GX101660.MP4,2893892,Play,O,Pass,Home,,Complete,,,,
Play (49),2934337,8273,GX101660.MP4,2937068,Play,O,Pass,Home,,Complete,,,,
Play (50),2982185,8674,GX101660.MP4,2984916,Play,O,Pass,Home,,Complete,,,,
Play (51),3028998,7373,GX101660.MP4,3031729,Play,O,Run,Home,,,,,,
Play (52),3076746,8207,GX101660.MP4,3079477,Play,O,Pass,Home,,Incomplete,,,,
Play (53),3121391,8540,GX101660.MP4,3124122,Play,O,Pass,Home,,Complete,,Touchdown,,
Play (54),3164233,8207,GX101660.MP4,3166964,Play,K,Kick,Home,,,Extra Point,,,
Play (55),3234904,14079,GX111660.MP4,3237635,Play,K,Kick,Home,,,Kickoff,,Returned,
Play (56),3276679,8540,GX111660.MP4,3279410,Play,D,Pass,,Away,Complete,,,,
Play (57),3321057,11510,GX111660.MP4,3323788,Play,D,Pass,,Away,Complete,,,,
Play (58),3410112,12000,GX111660.MP4,3412843,Play,D,Run,,Away,,,,,
Play (59),3457593,10509,GX111660.MP4,3460324,Play,D,Pass,,Away,Complete,,,,
Play (60),3509278,10476,GX111660.MP4,3512009,Play,D,Run,,Away,,,,,
Play (61),3547416,8374,GX121660.MP4,3550147,Play,D,Pass,,Away,Complete,,,,
Play (62),3582484,7840,GX121660.MP4,3585215,Play,D,Pass,,Away,Incomplete,,,,
Play (63),3622625,11043,GX121660.MP4,3625356,Play,D,Pass,,Away,Complete,,Touchdown,,
Play (64),3660396,7406,GX121660.MP4,3663127,Play,K,Kick,,Away,,Extra Point,,It's Good,
Play (65),4929463,13000,GX161660.MP4,4932194,Play,K,Kick,,Away,,Kickoff,,,
Play (66),4979013,8374,GX161660.MP4,4981744,Play,O,Pass,Home,,Incomplete,,,,
Play (67),5021255,8774,GX161660.MP4,5023986,Play,O,Pass,Home,,Complete,,,,
Play (68),5058959,8273,GX161660.MP4,5061690,Play,O,Run,Home,,,,,,
Play (69),5102203,7906,GX161660.MP4,5104934,Play,O,Pass,Home,,Sack,,,,
Play (70),5152420,11343,GX171660.MP4,5155151,Play,O,Pass,Home,,Scramble,,,,
Play (71),5202570,7206,GX171660.MP4,5205301,Play,O,Run,Home,,,,,,
Play (72),5235569,10175,GX171660.MP4,5238300,Play,O,Pass,Home,,Incomplete,,,,
Play (73),5283317,7206,GX171660.MP4,5286048,Play,O,Pass,Home,,Incomplete,,,,
Play (74),5332566,11477,GX171660.MP4,5335297,Play,O,Pass,Home,,Incomplete,,,,
Play (75),5390057,8507,GX171660.MP4,5392788,Play,D,Run,,Away,,,,,
Play (76),5423590,8907,GX171660.MP4,5426321,Play,D,Run,,Away,,,,,
Play (77),5464531,7239,GX181660.MP4,5467262,Play,D,Pass,,Away,Sack,,,,
Play (78),5504571,8007,GX181660.MP4,5507302,Play,K,Kick,,Away,,Punt,,,
Play (79),5561261,9475,GX181660.MP4,5563992,Play,O,Pass,Home,,Int,,Turnover,,
Play (80),5621788,9008,GX181660.MP4,5624519,Play,D,Run,,Away,,,,,
Play (81),5658558,8540,GX181660.MP4,5661289,Play,D,Run,,Away,,,,,
Play (82),5694294,8607,GX181660.MP4,5697025,Play,D,Run,,Away,,,,,
Play (83),5737471,7639,GX181660.MP4,5740202,Play,D,Pass,,Away,Incomplete,,,,
Play (84),5781048,7406,GX191660.MP4,5783779,Play,D,Pass,,Away,Incomplete,,,,
Play (85),5815348,14980,GX191660.MP4,5818079,Play,K,Kick,,Away,,Punt,,,
Play (86),5881515,9541,GX191660.MP4,5884246,Play,O,Pass,Home,,Scramble,,,,
Play (87),5928528,7973,GX191660.MP4,5931259,Play,O,Pass,Home,,Incomplete,,,,
Play (88),5970637,9141,GX191660.MP4,5973368,Play,O,Pass,Home,,Scramble,,,,
Play (89),6022055,7506,GX191660.MP4,6024786,Play,O,Pass,Home,,Incomplete,,,,
Play (90),6072339,10476,GX191660.MP4,6075070,Play,O,Pass,Home,,Scramble,,,,
Play (91),6127327,10142,GX201660.MP4,6130058,Play,O,Pass,Home,,Complete,,Touchdown,,
Play (92),6174240,10876,GX201660.MP4,6176971,Play,O,Run,Home,,,,2pt Good,,
Play (93),6244777,14380,GX201660.MP4,6247508,Play,K,Kick,Home,,,Kickoff,,,
Play (94),6289622,7840,GX201660.MP4,6292353,Play,D,Run,,Away,,,,,
Play (95),6325224,14113,GX201660.MP4,6327955,Play,D,Pass,,Away,Complete,,Touchdown,,
Play (96),6378311,7840,GX201660.MP4,6381042,Play,K,Kick,,Away,,Extra Point,,It's Good,
Play (97),6463763,13679,GX211660.MP4,6466494,Play,K,Kick,,Away,,Kickoff,,,
Play (98),6519752,8874,GX211660.MP4,6522483,Play,O,Run,Home,,,,,,
Play (99),6565631,8207,GX211660.MP4,6568362,Play,O,Pass,Home,,Sack,,,,
Play (100),6612078,8173,GX211660.MP4,6614809,Play,O,Pass,Home,,Incomplete,,,,
Play (101),6650816,22988,GX211660.MP4,6653547,Play,K,Kick,Home,,,Punt,,Returned,
Play (102),6711911,9908,GX211660.MP4,6714642,Play,D,Run,,Away,,,,,
Play (103),6759492,8874,GX221660.MP4,6762223,Play,D,Pass,,Away,Complete,,Touchdown,,
Play (104),6800666,6338,GX221660.MP4,6803397,Play,K,Kick,,Away,,Extra Point,,Missed,
Play (105),6870736,10542,GX221660.MP4,6873467,Play,K,Kick,,Away,,Kickoff,,Touchback,
Play (106),6935067,11643,GX221660.MP4,6937798,Play,O,Pass,Home,,Incomplete,,,,
Play (107),6986118,6872,GX221660.MP4,6988849,Play,O,Pass,Home,,Scramble,,,,
Play (108),7020853,9675,GX221660.MP4,7023584,Play,O,Pass,Home,,Complete,,,,
Play (109),7062728,8807,GX231660.MP4,7065459,Play,O,Pass,Home,,Scramble,,,,
Play (110),7223789,9541,GX231660.MP4,7226520,Play,O,Pass,Home,,Incomplete,,,,
Play (111),7270068,8374,GX231660.MP4,7272799,Play,O,Pass,Home,,Incomplete,,,,
Play (112),7311310,8574,GX231660.MP4,7314041,Play,O,Pass,Home,,Incomplete,,,,
Play (113),7437002,15481,GX241660.MP4,7439733,Play,O,Run,Home,,,,,,
Play (114),7487986,9942,GX241660.MP4,7490717,Play,D,Run,,Away,,,,,
Play (115),7525123,8040,GX241660.MP4,7527854,Play,D,Run,,Away,,,,,
Play (116),7559157,10476,GX241660.MP4,7561888,Play,D,Run,,Away,,,,,
Play (117),7595460,10809,GX241660.MP4,7598191,Play,D,Run,,Away,,,,,
Play (118),7629661,13779,GX241660.MP4,7632392,Play,D,Run,,Away,,,,,
Play (119),7673905,6772,GX241660.MP4,7676636,Play,K,Kick,,Away,,Extra Point,,It's Good,
Play (120),7746011,12444,GX251660.MP4,7748742,Play,K,Kick,,Away,,Kickoff,,Returned,
Play (121),7807038,7306,GX251660.MP4,7809769,Play,O,Pass,Home,,Sack,,,,
Play (122),7854752,8507,GX251660.MP4,7857483,Play,O,Pass,Home,,Complete,,,,
Play (123),7903768,8540,GX251660.MP4,7906499,Play,O,Pass,Home,,Sack,,,,
Play (124),7961059,13979,GX251660.MP4,7963790,Play,K,Kick,Home,,,Punt,,,
Play (125),8071469,7473,GX261660.MP4,8074200,Play,O,,Home,,,,,,
Play (126),8149313,8974,GX261660.MP4,8152044,Play,O,Pass,Home,,Sack,,,,
Play (127),8246777,10175,GX261660.MP4,8249508,Play,O,Pass,Home,,Incomplete,,,,
Play (128),8309640,9108,GX261660.MP4,8312371,Play,O,Pass,Home,,Incomplete,,,,
Play (129),8359223,14813,GX271660.MP4,8361954,Play,O,Pass,Home,,Complete,,,,
Play (130),8422887,6905,GX271660.MP4,8425618,Play,D,,,Away,,,,,
